1,Pebble Mart,"Old Fall River road in Rocky Mountain National Park, Colorado",Neat dead tree on a rock with a nice view that I found.,"40.425583, -105.706278",1
2,Natan,"Natal, RN, Brazil","Work flew us all to a beach hotel for a few days, this was the view from my room. Fun fact, the city's name means Christmas","(-5.80, -35.19)",1
3,"razan","Puebla, Mexico","i took this photo from the window of my office because it was raining and i bringed mwocha with me to work","18.503908982773307, -98.28304687349866",1
4,"Drilly","Houston Space Center, Houston, Texas","Haven't been to the space center in over 15 years, really cool to see real spaceships and tech used to go to space with my Fumomo. Shows a replica of the the Independence shuttle on top of the original NASA 905 shuttle. Also shown is a real booster from the SpaceX Falcon 9 used for reusable rockets.","29.552052925792488, -95.0972642718961",3
5,Kurarin,"The Dallas Arboretum and Botanical Garden, Dallas, Texas","When on a date with fumomo, normies should explode","32.823600341723484, -96.7166343318864",4
6,Goobert,"Pike Place Market, Seattle, Washington","All of these locations are tourist spot for sure. I just remember visiting all three from time to time growing up. Day trips with family, to late night adventures with friends.

Pike Place is the spot if you want to see fish fly. Employees will throw fish to complete orders or for fun.","( 47.621213, -122.341133 )",1
7,Goobert,"Space Needle, Seattle, Washington","All of these locations are tourist spot for sure. I just remember visiting all three from time to time growing up. Day trips with family, to late night adventures with friends.

The Space Needle is an iconic landmark. I just remember going there as a kid and getting a smashed penny.","( 47.620806, -122.349304 )",1
8,Goobert,"Pacific Science Center, Seattle, Washington","All of these locations are tourist spot for sure. I just remember visiting all three from time to time growing up. Day trips with family, to late night adventures with friends.
The Pacific Science Center is a cool spot to see many exhibits. From field trips in grade school to roaming the streets during Pokémon Go. I remember someone screaming "DRAGONITE" and a whole mob ran through the pathways at two in the morning.","( 47.620105, -122.351579 )",1
9,Wooli,"Kaimuki Park, Honolulu, Hawaii","A unique view of the towny side of the island. Moga and the goobah look so lovey-dovey here. Especially with her tail wrapped around him!","21.278, -157.799",2
10,Wooli,"Kaloko Beach, Oahu, Hawaii","A short walk leads to a cool view of volcanic rock formations and a niche fishing spot. They... #they... the creatures are tumbling about the rocks.","21.293, -157.658",3
11,Wooli,"Ho'omaluhia Botanical Gardens, Honolulu, Hawaii","This garden shows a heavenly perspective of the mountain range. The plants here share a placard, sometimes explaining its lore and values to the islands. We visited here a handful of times for important family reunions, before it got super touristy lol.","21.380, -157.800",3
12,Wooli,"La'ie Point, Oahu, Hawaii","That island in the background is called ""Kukuiho'olua Island"", and it's a seabird sanctuary. Apparently, the arch formed due to a tsunami years ago. This pic actually looks like a family photo. Goobah family!","21.649, -157.915",2
13,Ries,"Mount Fuji Viewpoint, Shizuoka, Japan","The Asagiri Highland, just west of Mt. Fuji. September 14th, 2026","35.413478, 138.591066",2
14,tfwyoubustanut,"Cooksville Park",Took my chud oshi to the park that I used to go to when I was a jit,"43.581100125239004, -79.61052992245074",3
15,JLoe01,"Buc-ee's (Royse City, Texas)","Had a few ideas for where to take her, but settled on taking her to a Buc-ee's. It's a Texas staple after all.","32.9792, -96.2952",4
16,Geroy,"the Modeu Rink is nearby, opened in 1951, it has held over 120 World Records over the decades","i took it while on my trip to Almaty Kazakhstan

we started near the Medeu Rink, and we took 2 gondola rides, one was enclosed and the other was a ski lift.

the view was incredible and there was a small restaurant called "la Skala" it had some very tasty cake and tea.

I wish I was able to get my Fumomo before the trip, but oh well","43.11906133078722, 77.09413143688474",1
17,Aspengf8,Grand Falls (Grand Falls NB),2nd largest waterfall east of Niagara of that's the claim at least.,"47.03,-67.44",1